School,Historically_Black,Men_Only,Women_Only
Alabama A & M University,1,0,0
University of Alabama at Birmingham,0,0,0
Amridge University,0,0,0
University of Alabama in Huntsville,0,0,0
Alabama State University,1,0,0
The University of Alabama,0,0,0
Central Alabama Community College,0,0,0
Auburn University at Montgomery,0,0,0
Auburn University,0,0,0
Birmingham Southern College,0,0,0
Chattahoochee Valley Community College,0,0,0
South University-Montgomery,0,0,0
Enterprise State Community College,0,0,0
Coastal Alabama Community College,0,0,0
Faulkner University,0,0,0
George C Wallace State Community College-Hanceville,0,0,0
Herzing University-Birmingham,0,0,0
Huntingdon College,0,0,0
Heritage Christian University,0,0,0
Jacksonville State University,0,0,0
Jefferson State Community College,0,0,0
John C Calhoun State Community College,0,0,0
Judson College,0,0,1
University of West Alabama,0,0,0
Marion Military Institute,0,0,0
Miles College,1,0,0
University of Mobile,0,0,0
University of Montevallo,0,0,0
Northwest-Shoals Community College,0,0,0
University of North Alabama,0,0,0
Northeast Alabama Community College,0,0,0
Oakwood University,1,0,0
Samford University,0,0,0
Selma University,1,0,0
University of South Alabama,0,0,0
Spring Hill College,0,0,0
Stillman College,1,0,0
Talladega College,1,0,0
Troy University,0,0,0
Tuskegee University,1,0,0
University of Alaska Anchorage,0,0,0
University of Alaska Fairbanks,0,0,0
University of Alaska Southeast,0,0,0
Alaska Pacific University,0,0,0
Arizona State University-Tempe,0,0,0
Arizona Western College,0,0,0
University of Arizona,0,0,0
Central Arizona College,0,0,0
Cochise County Community College District,0,0,0
Embry-Riddle Aeronautical University-Prescott,0,0,0
Glendale Community College Arizona,0,0,0
Grand Canyon University,0,0,0
GateWay Community College Arizona,0,0,0
Mesa Community College,0,0,0
Mohave Community College,0,0,0
Northern Arizona University,0,0,0
Phoenix College,0,0,0
Pima Community College,0,0,0
Prescott College,0,0,0
Rio Salado College,0,0,0
Scottsdale Community College,0,0,0
South Mountain Community College,0,0,0
Arizona Christian University,0,0,0
Yavapai College,0,0,0
University of Arkansas at Little Rock,0,0,0
Arkansas Baptist College,1,0,0
Lyon College,0,0,0
University of Arkansas,0,0,0
University of Arkansas at Pine Bluff,1,0,0
Arkansas State University-Beebe,0,0,0
Arkansas State University-Main Campus,0,0,0
Arkansas Tech University,0,0,0
University of Arkansas at Monticello,0,0,0
Baptist Health College-Little Rock,0,0,0
Black River Technical College,0,0,0
University of Central Arkansas,0,0,0
Central Baptist College,0,0,0
Crowley's Ridge College,0,0,0
East Arkansas Community College,0,0,0
National Park College,0,0,0
University of Arkansas Community College-Batesville,0,0,0
Harding University,0,0,0
Henderson State University,0,0,0
Hendrix College,0,0,0
John Brown University,0,0,0
Arkansas Northeastern College,0,0,0
North Arkansas College,0,0,0
Ouachita Baptist University,0,0,0
College of the Ouachitas,0,0,0
Ozarka College,0,0,0
University of the Ozarks,0,0,0
University of Arkansas Community College-Morrilton,0,0,0
Philander Smith College,1,0,0
Phillips Community College of the University of Arkansas,0,0,0
Southeast Arkansas College,0,0,0
University of Arkansas-Pulaski Technical College,0,0,0
University of Arkansas Community College-Hope,0,0,0
Shorter College,1,0,0
Williams Baptist College,0,0,0
South Arkansas Community College,0,0,0
Southern Arkansas University Main Campus,0,0,0
Southern Arkansas University Tech,0,0,0
University of Arkansas-Fort Smith,0,0,0
Academy of Art University,0,0,0
College of Alameda,0,0,0
Allan Hancock College,0,0,0
American Academy of Dramatic Arts-Los Angeles,0,0,0
American River College,0,0,0
Art Center College of Design,0,0,0
Azusa Pacific University,0,0,0
Bethesda University,0,0,0
Biola University,0,0,0
Butte College,0,0,0
Cabrillo College,0,0,0
California Baptist University,0,0,0
California College of the Arts,0,0,0
California Institute of Technology,0,0,0
California Lutheran University,0,0,0
California Polytechnic State University-San Luis Obispo,0,0,0
California State University-Bakersfield,0,0,0
California State University-Stanislaus,0,0,0
California State University-San Bernardino,0,0,0
California State Polytechnic University-Pomona,0,0,0
California State University-Chico,0,0,0
California State University-Dominguez Hills,0,0,0
California State University-Fresno,0,0,0
California State University-Fullerton,0,0,0
California State University-East Bay,0,0,0
California State University-Long Beach,0,0,0
California State University-Los Angeles,0,0,0
California State University-Northridge,0,0,0
California State University-Sacramento,0,0,0
University of California-Berkeley,0,0,0
University of California-Davis,0,0,0
University of California-Irvine,0,0,0
University of California-Los Angeles,0,0,0
University of California-Riverside,0,0,0
University of California-San Diego,0,0,0
University of California-Santa Barbara,0,0,0
University of California-Santa Cruz,0,0,0
California Institute of the Arts,0,0,0
California State University Maritime Academy,0,0,0
Canada College,0,0,0
College of the Canyons,0,0,0
Cerritos College,0,0,0
Cerro Coso Community College,0,0,0
Chabot College,0,0,0
Chaffey College,0,0,0
Chapman University,0,0,0
Concordia University-Irvine,0,0,0
San Diego Christian College,0,0,0
Citrus College,0,0,0
City College of San Francisco,0,0,0
Claremont McKenna College,0,0,0
Coastline Community College,0,0,0
Cogswell College,0,0,0
Columbia College Hollywood,0,0,0
El Camino College-Compton Center,0,0,0
Contra Costa College,0,0,0
Cosumnes River College,0,0,0
Crafton Hills College,0,0,0
Cuesta College,0,0,0
Cuyamaca College,0,0,0
Cypress College,0,0,0
De Anza College,0,0,0
College of the Desert,0,0,0
Diablo Valley College,0,0,0
Dominican University of California,0,0,0
East Los Angeles College,0,0,0
El Camino Community College District,0,0,0
Evergreen Valley College,0,0,0
FIDM-Fashion Institute of Design & Merchandising-Los Angeles,0,0,0
FIDM-Fashion Institute of Design & Merchandising-San Francisco,0,0,0
FIDM-Fashion Institute of Design & Merchandising-Orange County,0,0,0
Fresno City College,0,0,0
Fresno Pacific University,0,0,0
Fullerton College,0,0,0
Gavilan College,0,0,0
Glendale Community College California,0,0,0
Golden West College,0,0,0
Grossmont College,0,0,0
Hartnell College,0,0,0
Harvey Mudd College,0,0,0
Holy Names University,0,0,0
Humboldt State University,0,0,0
Irvine Valley College,0,0,0
American Jewish University,0,0,0
Reedley College,0,0,0
Life Pacific College,0,0,0
Argosy University-The Art Institute of California-San Diego,0,0,0
University of La Verne,0,0,0
Laguna College of Art and Design,0,0,0
Lake Tahoe Community College,0,0,0
Laney College,0,0,0
Lassen Community College,0,0,0
Southern California Seminary,0,0,0
La Sierra University,0,0,0
Long Beach City College,0,0,0
Los Angeles Harbor College,0,0,0
Los Angeles Pierce College,0,0,0
Los Angeles Southwest College,0,0,0
Los Angeles Trade Technical College,0,0,0
Los Angeles Valley College,0,0,0
The Master's University and Seminary,0,0,0
Los Angeles City College,0,0,0
Los Angeles Mission College,0,0,0
Los Medanos College,0,0,0
Argosy University-The Art Institute of California-San Francisco,0,0,0
Loyola Marymount University,0,0,0
College of Marin,0,0,0
Marymount California University,0,0,0
Mendocino College,0,0,0
Menlo College,0,0,0
Merritt College,0,0,0
Mills College,0,0,1
MiraCosta College,0,0,0
Mission College,0,0,0
Monterey Peninsula College,0,0,0
Moorpark College,0,0,0
Mt San Antonio College,0,0,0
Mount Saint Mary's University,0,0,1
Mt San Jacinto Community College District,0,0,0
Musicians Institute,0,0,0
Napa Valley College,0,0,0
National University,0,0,0
Newschool of Architecture and Design,0,0,0
Notre Dame de Namur University,0,0,0
Occidental College,0,0,0
Ohlone College,0,0,0
Orange Coast College,0,0,0
Otis College of Art and Design,0,0,0
Hope International University,0,0,0
Pacific Union College,0,0,0
University of the Pacific,0,0,0
Palomar College,0,0,0
Pasadena City College,0,0,0
Pepperdine University,0,0,0
Pitzer College,0,0,0
Point Loma Nazarene University,0,0,0
Pomona College,0,0,0
University of Redlands,0,0,0
College of the Redwoods,0,0,0
Riverside City College,0,0,0
Sacramento City College,0,0,0
Saddleback College,0,0,0
San Diego City College,0,0,0
San Diego Miramar College,0,0,0
San Diego State University,0,0,0
University of San Diego,0,0,0
San Francisco Art Institute,0,0,0
San Francisco Conservatory of Music,0,0,0
San Francisco State University,0,0,0
University of San Francisco,0,0,0
San Joaquin Delta College,0,0,0
William Jessup University,0,0,0
San Jose City College,0,0,0
San Jose State University,0,0,0
College of San Mateo,0,0,0
Santa Barbara City College,0,0,0
Santa Clara University,0,0,0
Santa Rosa Junior College,0,0,0
Scripps College,0,0,1
College of the Sequoias,0,0,0
Sierra College,0,0,0
Simpson University,0,0,0
College of the Siskiyous,0,0,0
San Bernardino Valley College,0,0,0
Saint Mary's College of California,0,0,0
Solano Community College,0,0,0
Sonoma State University,0,0,0
Vanguard University of Southern California,0,0,0
Southwestern College Chula Vista,0,0,0
Southern California Institute of Architecture,0,0,0
University of Southern California,0,0,0
Thomas Aquinas College,0,0,0
Epic Bible College,0,0,0
Ventura College,0,0,0
Victor Valley College,0,0,0
Berkeley City College,0,0,0
West Hills College-Coalinga,0,0,0
West Valley College,0,0,0
Westmont College,0,0,0
Whittier College,0,0,0
Woodbury University,0,0,0
Yuba College,0,0,0
Adams State University,0,0,0
Aims Community College,0,0,0
Arapahoe Community College,0,0,0
Bel-Rea Institute of Animal Technology,0,0,0
University of Colorado Denver/Anschutz Medical Campus,0,0,0
University of Colorado Colorado Springs,0,0,0
Spartan College of Aeronautics and Technology,0,0,0
University of Colorado Boulder,0,0,0
Colorado Christian University,0,0,0
Colorado College,0,0,0
The Art Institute of Colorado,0,0,0
Colorado Mountain College,0,0,0
Colorado Northwestern Community College,0,0,0
Colorado School of Mines,0,0,0
Colorado State University-Fort Collins,0,0,0
Community College of Aurora,0,0,0
Community College of Denver,0,0,0
University of Denver,0,0,0
Fort Lewis College,0,0,0
Front Range Community College,0,0,0
Lamar Community College,0,0,0
Colorado Mesa University,0,0,0
Metropolitan State University of Denver,0,0,0
Morgan Community College,0,0,0
Naropa University,0,0,0
Nazarene Bible College,0,0,0
Northeastern Junior College,0,0,0
University of Northern Colorado,0,0,0
Otero Junior College,0,0,0
Pikes Peak Community College,0,0,0
Regis University,0,0,0
Rocky Mountain College of Art and Design,0,0,0
Colorado State University-Pueblo,0,0,0
Trinidad State Junior College,0,0,0
Western State Colorado University,0,0,0
Albertus Magnus College,0,0,0
Asnuntuck Community College,0,0,0
Lincoln College of New England-Southington,0,0,0
University of Bridgeport,0,0,0
Central Connecticut State University,0,0,0
Connecticut College,0,0,0
University of Connecticut,0,0,0
Goodwin College,0,0,0
Eastern Connecticut State University,0,0,0
Fairfield University,0,0,0
Capital Community College,0,0,0
University of Hartford,0,0,0
Holy Apostles College and Seminary,0,0,0
Housatonic Community College,0,0,0
Manchester Community College Connecticut,0,0,0
Naugatuck Valley Community College,0,0,0
Middlesex Community College CT,0,0,0
Mitchell College,0,0,0
Three Rivers Community College,0,0,0
University of New Haven,0,0,0
Norwalk Community College,0,0,0
Northwestern Connecticut Community College,0,0,0
Paier College of Art Inc,0,0,0
Post University,0,0,0
Quinebaug Valley Community College,0,0,0
Quinnipiac University,0,0,0
Sacred Heart University,0,0,0
University of Saint Joseph,0,0,1
Gateway Community College Connecticut,0,0,0
St Vincent's College,0,0,0
Southern Connecticut State University,0,0,0
Trinity College,0,0,0
Tunxis Community College,0,0,0
Wesleyan University,0,0,0
Western Connecticut State University,0,0,0
Yale University,0,0,0
Delaware State University,1,0,0
University of Delaware,0,0,0
Goldey-Beacom College,0,0,0
Wesley College,0,0,0
Wilmington University,0,0,0
American University,0,0,0
Catholic University of America,0,0,0
University of the District of Columbia,1,0,0
Gallaudet University,0,0,0
George Washington University,0,0,0
Georgetown University,0,0,0
Howard University,1,0,0
Strayer University-District of Columbia,0,0,0
Trinity Washington University,0,0,1
The Art Institute of Fort Lauderdale,0,0,0
The Baptist College of Florida,0,0,0
Barry University,0,0,0
Bethune-Cookman University,1,0,0
Lynn University,0,0,0
Carlos Albizu University-Miami,0,0,0
Johnson University Florida,0,0,0
University of Central Florida,0,0,0
South University-West Palm Beach,0,0,0
Eckerd College,0,0,0
Edward Waters College,1,0,0
Embry-Riddle Aeronautical University-Daytona Beach,0,0,0
Florida Agricultural and Mechanical University,1,0,0
Florida Atlantic University,0,0,0
Flagler College-St Augustine,0,0,0
Florida College,0,0,0
Adventist University of Health Sciences,0,0,0
Florida Institute of Technology,0,0,0
Florida International University,0,0,0
Florida Keys Community College,0,0,0
Florida Memorial University,1,0,0
Florida Southern College,0,0,0
Florida State University,0,0,0
University of Florida,0,0,0
Hillsborough Community College,0,0,0
Hobe Sound Bible College,0,0,0
AI Miami International University of Art and Design,0,0,0
Jacksonville University,0,0,0
Keiser University-Ft Lauderdale,0,0,0
Luther Rice College & Seminary,0,0,0
University of Miami,0,0,0
University of North Florida,0,0,0
Nova Southeastern University,0,0,0
Palm Beach Atlantic University,0,0,0
Pasco-Hernando State College,0,0,0
Ringling College of Art and Design,0,0,0
Rollins College,0,0,0
Saint Leo University,0,0,0
Argosy University-Sarasota,0,0,0
University of South Florida-Main Campus,0,0,0
St Thomas University,0,0,0
Stetson University,0,0,0
Southeastern University,0,0,0
Talmudic College of Florida,0,1,0
The University of Tampa,0,0,0
Trinity Baptist College,0,0,0
Trinity College of Florida,0,0,0
Warner University,0,0,0
Webber International University,0,0,0
The University of West Florida,0,0,0
Abraham Baldwin Agricultural College,0,0,0
Agnes Scott College,0,0,1
Interactive College of Technology-Chamblee,0,0,0
Darton State College,0,0,0
Albany State University,1,0,0
Andrew College,0,0,0
Armstrong State University,0,0,0
The Art Institute of Atlanta,0,0,0
Point University,0,0,0
Clark Atlanta University,1,0,0
Bainbridge State College,0,0,0
Berry College,0,0,0
Beulah Heights University,0,0,0
Brenau University,0,0,1
Brewton-Parker College,0,0,0
Brown College of Court Reporting,0,0,0
College of Coastal Georgia,0,0,0
Clayton  State University,0,0,0
Columbus State University,0,0,0
Covenant College,0,0,0
Dalton State College,0,0,0
South University-Savannah,0,0,0
Emmanuel College Georgia,0,0,0
Emory University,0,0,0
Fort Valley State University,1,0,0
Georgia Institute of Technology-Main Campus,0,0,0
Georgia Southwestern State University,0,0,0
Georgia College & State University,0,0,0
Georgia Southern University,0,0,0
Georgia State University,0,0,0
University of Georgia,0,0,0
Gordon State College,0,0,0
Gwinnett College-Lilburn,0,0,0
Gwinnett Technical College,0,0,0
LaGrange College,0,0,0
Life University,0,0,0
Herzing University-Atlanta,0,0,0
Mercer University,0,0,0
Morehouse College,1,1,0
Oglethorpe University,0,0,0
Paine College,1,0,0
Piedmont College,0,0,0
Reinhardt University,0,0,0
Savannah College of Art and Design,0,0,0
Savannah State University,1,0,0
Shorter University,0,0,0
Spelman College,1,0,1
Thomas University,0,0,0
Toccoa Falls College,0,0,0
Truett McConnell University,0,0,0
Valdosta State University,0,0,0
Wesleyan College,0,0,1
University of West Georgia,0,0,0
Young Harris College,0,0,0
Chaminade University of Honolulu,0,0,0
University of Hawaii at Hilo,0,0,0
University of Hawaii at Manoa,0,0,0
Hawaii Pacific University,0,0,0
Honolulu Community College,0,0,0
Kapiolani Community College,0,0,0
Kauai Community College,0,0,0
Leeward Community College,0,0,0
University of Hawaii-West Oahu,0,0,0
Windward Community College,0,0,0
Boise Bible College,0,0,0
Boise State University,0,0,0
College of Eastern Idaho,0,0,0
Idaho State University,0,0,0
University of Idaho,0,0,0
The College of Idaho,0,0,0
Lewis-Clark State College,0,0,0
North Idaho College,0,0,0
Northwest Nazarene University,0,0,0
Brigham Young University-Idaho,0,0,0
College of Southern Idaho,0,0,0
American Academy of Art,0,0,0
School of the Art Institute of Chicago,0,0,0
Augustana College,0,0,0
Aurora University,0,0,0
Southwestern Illinois College,0,0,0
Black Hawk College,0,0,0
Blackburn College,0,0,0
Bradley University,0,0,0
Carl Sandburg College,0,0,0
Chicago State University,0,0,0
University of Chicago,0,0,0
City Colleges of Chicago-Kennedy-King College,0,0,0
City Colleges of Chicago-Malcolm X College,0,0,0
City Colleges of Chicago-Richard J Daley College,0,0,0
City Colleges of Chicago-Harold Washington College,0,0,0
City Colleges of Chicago-Wilbur Wright College,0,0,0
Columbia College Chicago,0,0,0
Concordia University-Chicago,0,0,0
Danville Area Community College,0,0,0
DePaul University,0,0,0
College of DuPage,0,0,0
Eastern Illinois University,0,0,0
Elgin Community College,0,0,0
Elmhurst College,0,0,0
Eureka College,0,0,0
Fox College,0,0,0
Governors State University,0,0,0
Greenville University,0,0,0
Hebrew Theological College,0,0,0
Highland Community College Illinios,0,0,0
University of Illinois at Chicago,0,0,0
Benedictine University,0,0,0
University of Illinois at Urbana-Champaign,0,0,0
Illinois Wesleyan University,0,0,0
Illinois Central College,0,0,0
Illinois College,0,0,0
Olney Central College,0,0,0
Illinois Institute of Technology,0,0,0
Argosy University-Chicago,0,0,0
Illinois State University,0,0,0
Illinois Valley Community College,0,0,0
John A Logan College,0,0,0
John Wood Community College,0,0,0
Joliet Junior College,0,0,0
Judson University,0,0,0
Kankakee Community College,0,0,0
Kaskaskia College,0,0,0
Kishwaukee College,0,0,0
Knox College,0,0,0
College of Lake County,0,0,0
Lake Forest College,0,0,0
Lake Land College,0,0,0
Lewis and Clark Community College,0,0,0
Lewis University,0,0,0
Lincoln Christian University,0,0,0
Lincoln College,0,0,0
Lincoln Land Community College,0,0,0
Loyola University Chicago,0,0,0
MacMurray College,0,0,0
McHenry County College,0,0,0
McKendree University,0,0,0
Methodist College,0,0,0
Millikin University,0,0,0
Monmouth College,0,0,0
Moraine Valley Community College,0,0,0
Morton College,0,0,0
National Louis University,0,0,0
North Central College,0,0,0
North Park University,0,0,0
Northern Illinois University,0,0,0
Northwestern University,0,0,0
Northeastern Illinois University,0,0,0
Oakton Community College,0,0,0
Olivet Nazarene University,0,0,0
Parkland College,0,0,0
Prairie State College,0,0,0
Quincy University,0,0,0
The Illinois Institute of Art-Chicago,0,0,0
Rend Lake College,0,0,0
Richland Community College,0,0,0
Robert Morris University Illinois,0,0,0
Rock Valley College,0,0,0
Madison Media Institute-Rockford Career College,0,0,0
Rockford University,0,0,0
Roosevelt University,0,0,0
Dominican University,0,0,0
University of St Francis,0,0,0
Saint Xavier University,0,0,0
University of Illinois at Springfield,0,0,0
Sauk Valley Community College,0,0,0
Spoon River College,0,0,0
Southern Illinois University-Carbondale,0,0,0
Southern Illinois University-Edwardsville,0,0,0
South Suburban College,0,0,0
Trinity Christian College,0,0,0
Trinity International University-Illinois,0,0,0
Triton College,0,0,0
VanderCook College of Music,0,0,0
Waubonsee Community College,0,0,0
Western Illinois University,0,0,0
Wheaton College IL,0,0,0
William Rainey Harper College,0,0,0
Ancilla College,0,0,0
Anderson University Indiana,0,0,0
Ball State University,0,0,0
Bethel College-Indiana,0,0,0
Butler University,0,0,0
Calumet College of Saint Joseph,0,0,0
DePauw University,0,0,0
Earlham College,0,0,0
University of Evansville,0,0,0
Franklin College,0,0,0
Goshen College,0,0,0
Grace College and Theological Seminary,0,0,0
Hanover College,0,0,0
Holy Cross College,0,0,0
Huntington University,0,0,0
Ivy Tech Community College,0,0,0
Indiana University-Purdue University-Fort Wayne,0,0,0
Indiana University-Purdue University-Indianapolis,0,0,0
University of Indianapolis,0,0,0
Indiana Institute of Technology,0,0,0
University of Southern Indiana,0,0,0
Indiana State University,0,0,0
Indiana University-Kokomo,0,0,0
Indiana University-South Bend,0,0,0
Indiana University-Bloomington,0,0,0
Indiana University-Northwest,0,0,0
Indiana University-Southeast,0,0,0
Indiana University-East,0,0,0
Manchester University,0,0,0
Marian University IN,0,0,0
Indiana Wesleyan University-Marion,0,0,0
Martin University,0,0,0
University of Notre Dame,0,0,0
Oakland City University,0,0,0
Purdue University-Calumet Campus,0,0,0
Purdue University-North Central Campus,0,0,0
Rose-Hulman Institute of Technology,0,0,0
University of Saint Francis-Fort Wayne,0,0,0
Saint Mary-of-the-Woods College,0,0,0
Saint Mary's College,0,0,1
Saint Elizabeth School of Nursing,0,0,0
Taylor University,0,0,0
Trine University,0,0,0
Valparaiso University,0,0,0
Vincennes University,0,0,0
Wabash College,0,1,0
Briar Cliff University,0,0,0
Buena Vista University,0,0,0
Central College,0,0,0
Clarke University,0,0,0
Coe College,0,0,0
Cornell College,0,0,0
Des Moines Area Community College,0,0,0
Divine Word College,0,1,0
Dordt College,0,0,0
Drake University,0,0,0
University of Dubuque,0,0,0
Ellsworth Community College,0,0,0
Emmaus Bible College,0,0,0
Eastern Iowa Community College District,0,0,0
Faith Baptist Bible College and Theological Seminary,0,0,0
Graceland University-Lamoni,0,0,0
Grand View University,0,0,0
Grinnell College,0,0,0
Hawkeye Community College,0,0,0
Indian Hills Community College,0,0,0
Iowa Central Community College,0,0,0
Iowa Lakes Community College,0,0,0
Iowa State University,0,0,0
Iowa Wesleyan University,0,0,0
Iowa Western Community College,0,0,0
University of Iowa,0,0,0
Kirkwood Community College,0,0,0
Loras College,0,0,0
Luther College,0,0,0
Maharishi University of Management,0,0,0
Marshalltown Community College,0,0,0
Mercy College of Health Sciences,0,0,0
Morningside College,0,0,0
Mount Mercy University,0,0,0
North Iowa Area Community College,0,0,0
University of Northern Iowa,0,0,0
Northwestern College,0,0,0
Northeast Iowa Community College,0,0,0
Northwest Iowa Community College,0,0,0
Saint Ambrose University,0,0,0
St Luke's College,0,0,0
Simpson College,0,0,0
Southeastern Community College IA,0,0,0
Southwestern Community College IA,0,0,0
Upper Iowa University,0,0,0
Waldorf University,0,0,0
Wartburg College,0,0,0
Western Iowa Tech Community College,0,0,0
William Penn University,0,0,0
Allen County Community College,0,0,0
Baker University,0,0,0
Barton County Community College,0,0,0
Benedictine College,0,0,0
Bethany College Kansas,0,0,0
Bethel College-North Newton,0,0,0
Butler Community College,0,0,0
Central Christian College of Kansas,0,0,0
Cloud County Community College,0,0,0
Coffeyville Community College,0,0,0
Colby Community College,0,0,0
Cowley County Community College,0,0,0
Dodge City Community College,0,0,0
Donnelly College,0,0,0
Emporia State University,0,0,0
Flint Hills Technical College,0,0,0
Fort Hays State University,0,0,0
Barclay College,0,0,0
Friends University,0,0,0
Fort Scott Community College,0,0,0
Garden City Community College,0,0,0
Hesston College,0,0,0
Highland Community College Kansas,0,0,0
Hutchinson Community College,0,0,0
Independence Community College,0,0,0
Johnson County Community College,0,0,0
Kansas City Kansas Community College,0,0,0
University of Kansas,0,0,0
Newman University,0,0,0
Kansas State University,0,0,0
Kansas Wesleyan University,0,0,0
Labette Community College,0,0,0
Manhattan Area Technical College,0,0,0
Manhattan Christian College,0,0,0
McPherson College,0,0,0
MidAmerica Nazarene University,0,0,0
Neosho County Community College,0,0,0
North Central Kansas Technical College,0,0,0
Ottawa University-Ottawa,0,0,0
Pittsburg State University,0,0,0
Pratt Community College,0,0,0
University of Saint Mary,0,0,0
Salina Area Technical College,0,0,0
Seward County Community College,0,0,0
Southwestern College KS,0,0,0
Sterling College KS,0,0,0
Tabor College,0,0,0
Washburn University,0,0,0
Wichita State University-Campus of Applied Sciences and Technology,0,0,0
Wichita State University,0,0,0
Alice Lloyd College,0,0,0
Asbury University,0,0,0
Ashland Community and Technical College,0,0,0
Bellarmine University,0,0,0
Berea College,0,0,0
Southcentral Kentucky Community and Technical College,0,0,0
Brescia University,0,0,0
Campbellsville University,0,0,0
Bluegrass Community and Technical College,0,0,0
Centre College,0,0,0
University of the Cumberlands,0,0,0
Eastern Kentucky University,0,0,0
Elizabethtown Community and Technical College,0,0,0
Georgetown College,0,0,0
Hazard Community and Technical College,0,0,0
Henderson Community College,0,0,0
Hopkinsville Community College,0,0,0
Jefferson Community and Technical College,0,0,0
Kentucky Mountain Bible College,0,0,0
Kentucky State University,1,0,0
Kentucky Wesleyan College,0,0,0
University of Kentucky,0,0,0
Kentucky Christian University,0,0,0
Lindsey Wilson College,0,0,0
University of Louisville,0,0,0
Madisonville Community College,0,0,0
Maysville Community and Technical College,0,0,0
Midway University,0,0,1
Morehead State University,0,0,0
Murray State University,0,0,0
Gateway Community and Technical College,0,0,0
Northern Kentucky University,0,0,0
West Kentucky Community and Technical College,0,0,0
University of Pikeville,0,0,0
Big Sandy Community and Technical College,0,0,0
Somerset Community College,0,0,0
Southeast Kentucky Community and Technical College,0,0,0
Spalding University,0,0,0
Thomas More College,0,0,0
Transylvania University,0,0,0
Union College KY,0,0,0
Western Kentucky University,0,0,0
Bossier Parish Community College,0,0,0
Centenary College of Louisiana,0,0,0
Delgado Community College,0,0,0
Dillard University,1,0,0
Nunez Community College,0,0,0
Grambling State University,1,0,0
Louisiana State University-Alexandria,0,0,0
Louisiana State University and Agricultural & Mechanical College,0,0,0
Louisiana State University-Eunice,0,0,0
Louisiana State University-Shreveport,0,0,0
Louisiana College,0,0,0
Louisiana Tech University,0,0,0
Loyola University New Orleans,0,0,0
McNeese State University,0,0,0
University of New Orleans,0,0,0
Nicholls State University,0,0,0
University of Louisiana at Monroe,0,0,0
Northwestern State University of Louisiana,0,0,0
University of Holy Cross,0,0,0
Franciscan Missionaries of Our Lady University,0,0,0
Saint Joseph Seminary College,0,1,0
SOWELA Technical Community College,0,0,0
Southeastern Louisiana University,0,0,0
Southern University and A & M College,1,0,0
Southern University at New Orleans,1,0,0
Southern University at Shreveport,1,0,0
University of Louisiana at Lafayette,0,0,0
Tulane University of Louisiana,0,0,0
Xavier University of Louisiana,1,0,0
Kaplan University-Maine Campus,0,0,0
College of the Atlantic,0,0,0
Bates College,0,0,0
Bowdoin College,0,0,0
Maine College of Health Professions,0,0,0
Central Maine Community College,0,0,0
Colby College,0,0,0
Eastern Maine Community College,0,0,0
Kennebec Valley Community College,0,0,0
University of Maine at Augusta,0,0,0
University of Maine at Farmington,0,0,0
University of Maine at Fort Kent,0,0,0
University of Maine at Machias,0,0,0
University of Maine,0,0,0
Maine Maritime Academy,0,0,0
University of Maine at Presque Isle,0,0,0
University of New England,0,0,0
Northern Maine Community College,0,0,0
Maine College of Art,0,0,0
Saint Joseph's College of Maine,0,0,0
Southern Maine Community College,0,0,0
University of Southern Maine,0,0,0
Unity College,0,0,0
Washington County Community College,0,0,0
Allegany College of Maryland,0,0,0
Anne Arundel Community College,0,0,0
University of Baltimore,0,0,0
Bowie State University,1,0,0
Capitol Technology University,0,0,0
Cecil College,0,0,0
College of Southern Maryland,0,0,0
Washington Adventist University,0,0,0
Coppin State University,1,0,0
Frederick Community College,0,0,0
Frostburg State University,0,0,0
Garrett College,0,0,0
Goucher College,0,0,0
Hagerstown Community College,0,0,0
Harford Community College,0,0,0
Hood College,0,0,0
Howard Community College,0,0,0
Johns Hopkins University,0,0,0
Loyola University Maryland,0,0,0
University of Maryland-University College,0,0,0
University of Maryland-Baltimore County,0,0,0
University of Maryland-College Park,0,0,0
Maryland Institute College of Art,0,0,0
University of Maryland Eastern Shore,1,0,0
Montgomery College,0,0,0
Morgan State University,1,0,0
Mount St. Mary's University,0,0,0
Ner Israel Rabbinical College,0,1,0
Notre Dame of Maryland University,0,0,1
Prince George's Community College,0,0,0
Salisbury University,0,0,0
St Mary's College of Maryland,0,0,0
St. John's College MD,0,0,0
Towson University,0,0,0
Stevenson University,0,0,0
Washington College,0,0,0
McDaniel College,0,0,0
Wor-Wic Community College,0,0,0
American International College,0,0,0
Amherst College,0,0,0
Anna Maria College,0,0,0
Assumption College,0,0,0
Babson College,0,0,0
Boston Baptist College,0,0,0
Bay Path University,0,0,1
Bay State College,0,0,0
Becker College,0,0,0
Bentley University,0,0,0
Berklee College of Music,0,0,0
Berkshire Community College,0,0,0
Boston College,0,0,0
Boston University,0,0,0
Brandeis University,0,0,0
Bridgewater State University,0,0,0
Bristol Community College,0,0,0
Bunker Hill Community College,0,0,0
Cambridge College,0,0,0
Cape Cod Community College,0,0,0
Laboure College,0,0,0
Clark University,0,0,0
Curry College,0,0,0
Dean College,0,0,0
Eastern Nazarene College,0,0,0
Emerson College,0,0,0
Emmanuel College Massachusetts,0,0,0
Endicott College,0,0,0
Fisher College,0,0,0
Fitchburg State University,0,0,0
Framingham State University,0,0,0
Gordon College,0,0,0
Greenfield Community College,0,0,0
Hampshire College,0,0,0
Harvard University,0,0,0
Hellenic College-Holy Cross Greek Orthodox School of Theology,0,0,0
College of the Holy Cross,0,0,0
Holyoke Community College,0,0,0
Lasell College,0,0,0
Lesley University,0,0,0
University of Massachusetts-Lowell,0,0,0
University of Massachusetts-Amherst,0,0,0
University of Massachusetts-Boston,0,0,0
Massachusetts Bay Community College,0,0,0
MCPHS University,0,0,0
Massachusetts College of Art and Design,0,0,0
Massachusetts Institute of Technology,0,0,0
Massachusetts Maritime Academy,0,0,0
Massasoit Community College,0,0,0
Merrimack College,0,0,0
Middlesex Community College MA,0,0,0
Mount Holyoke College,0,0,1
Mount Wachusett Community College,0,0,0
The New England Conservatory of Music,0,0,0
Newbury College,0,0,0
Nichols College,0,0,0
Massachusetts College of Liberal Arts,0,0,0
North Shore Community College,0,0,0
Northeastern University,0,0,0
Northern Essex Community College,0,0,0
College of Our Lady of the Elms,0,0,0
Pine Manor College,0,0,0
Quincy College,0,0,0
Quinsigamond Community College,0,0,0
Regis College,0,0,0
Salem State University,0,0,0
Simmons College,0,0,1
Bard College at Simon's Rock,0,0,0
Smith College,0,0,1
Springfield College,0,0,0
Springfield Technical Community College,0,0,0
University of Massachusetts-Dartmouth,0,0,0
Stonehill College,0,0,0
Suffolk University,0,0,0
Tufts University,0,0,0
Wellesley College,0,0,1
Wentworth Institute of Technology,0,0,0
Western New England University,0,0,0
Westfield State University,0,0,0
Wheaton College MA,0,0,0
Wheelock College,0,0,0
Williams College,0,0,0
Worcester Polytechnic Institute,0,0,0
Worcester State University,0,0,0
Adrian College,0,0,0
Albion College,0,0,0
Alma College,0,0,0
Andrews University,0,0,0
Aquinas College,0,0,0
Baker College,0,0,0
Bay de Noc Community College,0,0,0
Calvin College,0,0,0
Central Michigan University,0,0,0
Mott Community College,0,0,0
Cleary University,0,0,0
Concordia University-Ann Arbor,0,0,0
College for Creative Studies,0,0,0
Davenport University,0,0,0
Delta College,0,0,0
MIAT College of Technology,0,0,0
University of Detroit Mercy,0,0,0
Eastern Michigan University,0,0,0
Ferris State University,0,0,0
Glen Oaks Community College,0,0,0
Kettering University,0,0,0
Gogebic Community College,0,0,0
Grace Bible College,0,0,0
Cornerstone University,0,0,0
Grand Rapids Community College,0,0,0
Grand Valley State University,0,0,0
Great Lakes Christian College,0,0,0
Hope College,0,0,0
Kalamazoo College,0,0,0
Kalamazoo Valley Community College,0,0,0
Kellogg Community College,0,0,0
Kirtland Community College,0,0,0
Lake Superior State University,0,0,0
Lansing Community College,0,0,0
Lawrence Technological University,0,0,0
Macomb Community College,0,0,0
Madonna University,0,0,0
Marygrove College,0,0,0
Rochester College,0,0,0
University of Michigan-Ann Arbor,0,0,0
Michigan State University,0,0,0
Michigan Technological University,0,0,0
University of Michigan-Dearborn,0,0,0
University of Michigan-Flint,0,0,0
Mid Michigan Community College,0,0,0
Monroe County Community College,0,0,0
Montcalm Community College,0,0,0
Muskegon Community College,0,0,0
North Central Michigan College,0,0,0
Northern Michigan University,0,0,0
Northwestern Michigan College,0,0,0
Northwood University,0,0,0
Oakland Community College,0,0,0
Oakland University,0,0,0
Olivet College,0,0,0
Kuyper College,0,0,0
Sacred Heart Major Seminary,0,0,0
Saginaw Valley State University,0,0,0
Siena Heights University,0,0,0
St Clair County Community College,0,0,0
Southwestern Michigan College,0,0,0
Spring Arbor University,0,0,0
Finlandia University,0,0,0
Washtenaw Community College,0,0,0
Wayne County Community College District,0,0,0
Wayne State University,0,0,0
West Shore Community College,0,0,0
Western Michigan University,0,0,0
Alexandria Technical & Community College,0,0,0
Anoka Technical College,0,0,0
Anoka-Ramsey Community College,0,0,0
Augsburg University,0,0,0
Riverland Community College,0,0,0
Northwest Technical College,0,0,0
Bemidji State University,0,0,0
Bethany Lutheran College,0,0,0
Bethel University Minnesota,0,0,0
Central Lakes College-Brainerd,0,0,0
Carleton College,0,0,0
Concordia College at Moorhead,0,0,0
Concordia University-Saint Paul,0,0,0
Dakota County Technical College,0,0,0
Martin Luther College,0,0,0
Lake Superior College,0,0,0
Minnesota State Community and Technical College,0,0,0
Minnesota West Community and Technical College,0,0,0
Gustavus Adolphus College,0,0,0
Hamline University,0,0,0
Hennepin Technical College,0,0,0
Hibbing Community College,0,0,0
Inver Hills Community College,0,0,0
Itasca Community College,0,0,0
Macalester College,0,0,0
South Central College,0,0,0
Minnesota State University-Mankato,0,0,0
Argosy University-Twin Cities,0,0,0
Mesabi Range College,0,0,0
Metropolitan State University,0,0,0
University of Minnesota-Twin Cities,0,0,0
University of Minnesota-Crookston,0,0,0
Minneapolis College of Art and Design,0,0,0
Minneapolis Community and Technical College,0,0,0
Herzing University-Minneapolis,0,0,0
University of Minnesota-Duluth,0,0,0
University of Minnesota-Morris,0,0,0
Minnesota State University Moorhead,0,0,0
North Hennepin Community College,0,0,0
Normandale Community College,0,0,0
North Central University,0,0,0
Northland Community and Technical College,0,0,0
University of Northwestern-St Paul,0,0,0
Oak Hills Christian College,0,0,0
Pine Technical & Community College,0,0,0
Rainy River Community College,0,0,0
Rochester Community and Technical College,0,0,0
College of Saint Benedict,0,0,1
St Cloud Technical and Community College,0,0,0
Saint Cloud State University,0,0,0
Saint Johns University,0,1,0
Saint Mary's University of Minnesota,0,0,0
St Olaf College,0,0,0
Crown College,0,0,0
The College of Saint Scholastica,0,0,0
University of St Thomas MN,0,0,0
St Catherine University,0,0,1
Saint Paul College,0,0,0
Southwest Minnesota State University,0,0,0
Vermilion Community College,0,0,0
Dunwoody College of Technology,0,0,0
Ridgewater College,0,0,0
Minnesota State College Southeast,0,0,0
Winona State University,0,0,0
Century College,0,0,0
Alcorn State University,1,0,0
Belhaven University,0,0,0
Blue Mountain College,0,0,0
Coahoma Community College,1,0,0
Antonelli College-Jackson,0,0,0
Copiah-Lincoln Community College,0,0,0
Delta State University,0,0,0
East Central Community College,0,0,0
East Mississippi Community College,0,0,0
Hinds Community College,1,0,0
Holmes Community College,0,0,0
Itawamba Community College,0,0,0
Jackson State University,1,0,0
Jones County Junior College,0,0,0
Meridian Community College,0,0,0
Millsaps College,0,0,0
University of Mississippi,0,0,0
Mississippi University for Women,0,0,0
Mississippi Valley State University,1,0,0
Mississippi College,0,0,0
Mississippi Gulf Coast Community College,0,0,0
Mississippi State University,0,0,0
Northeast Mississippi Community College,0,0,0
Northwest Mississippi Community College,0,0,0
Pearl River Community College,0,0,0
Rust College,1,0,0
University of Southern Mississippi,0,0,0
Tougaloo College,1,0,0
William Carey University,0,0,0
Avila University,0,0,0
Baptist Bible College,0,0,0
Cox College,0,0,0
Calvary University,0,0,0
Central Christian College of the Bible,0,0,0
Central Methodist University-College of Liberal Arts and Sciences,0,0,0
University of Central Missouri,0,0,0
Columbia College Missouri,0,0,0
Conception Seminary College,0,1,0
Cottey College,0,0,1
Crowder College,0,0,0
Culver-Stockton College,0,0,0
Drury University,0,0,0
East Central College,0,0,0
Evangel University,0,0,0
Fontbonne University,0,0,0
Ozarks Technical Community College,0,0,0
Hannibal-LaGrange University,0,0,0
Harris-Stowe State University,1,0,0
Jefferson College,0,0,0
Kansas City Art Institute,0,0,0
Kenrick Glennon Seminary,0,0,0
Lincoln University MO,1,0,0
Lindenwood University,0,0,0
State Technical College of Missouri,0,0,0
Metropolitan Community College-Kansas City,0,0,0
Maryville University of Saint Louis,0,0,0
Midwestern Baptist Theological Seminary,0,0,0
Mineral Area College,0,0,0
Missouri Baptist University,0,0,0
Missouri Southern State University,0,0,0
Missouri Valley College,0,0,0
Missouri Western State University,0,0,0
University of Missouri-Columbia,0,0,0
University of Missouri-Kansas City,0,0,0
Missouri University of Science and Technology,0,0,0
University of Missouri-St Louis,0,0,0
Moberly Area Community College,0,0,0
Truman State University,0,0,0
Northwest Missouri State University,0,0,0
Ozark Christian College,0,0,0
College of the Ozarks,0,0,0
Park University,0,0,0
Rockhurst University,0,0,0
Saint Louis University,0,0,0
Saint Louis Christian College,0,0,0
St. Louis College of Pharmacy,0,0,0
Saint Louis Community College,0,0,0
Southwest Baptist University,0,0,0
Missouri State University-West Plains,0,0,0
State Fair Community College,0,0,0
Stephens College,0,0,1
Southeast Missouri State University,0,0,0
Missouri State University-Springfield,0,0,0
Three Rivers College,0,0,0
North Central Missouri College,0,0,0
Washington University in St Louis,0,0,0
Webster University,0,0,0
Westminster College MO,0,0,0
William Jewell College,0,0,0
William Woods University,0,0,0
Highlands College of Montana Tech,0,0,0
Carroll College,0,0,0
Dawson Community College,0,0,0
Montana State University-Billings,0,0,0
Flathead Valley Community College,0,0,0
Great Falls College Montana State University,0,0,0
University of Providence,0,0,0
Helena College University of Montana,0,0,0
Miles Community College,0,0,0
Montana Tech of the University of Montana,0,0,0
Montana State University,0,0,0
The University of Montana,0,0,0
Montana State University-Northern,0,0,0
Rocky Mountain College,0,0,0
Salish Kootenai College,0,0,0
The University of Montana-Western,0,0,0
Bellevue University,0,0,0
Clarkson College,0,0,0
Bryan College of Health Sciences,0,0,0
Central Community College,0,0,0
Chadron State College,0,0,0
Concordia University-Nebraska,0,0,0
Creighton University,0,0,0
Doane University-Arts & Sciences,0,0,0
Hastings College,0,0,0
University of Nebraska at Kearney,0,0,0
Nebraska Methodist College of Nursing & Allied Health,0,0,0
Metropolitan Community College Area,0,0,0
Mid-Plains Community College,0,0,0
Midland University,0,0,0
Nebraska Christian College of Hope International University,0,0,0
University of Nebraska at Omaha,0,0,0
Nebraska Wesleyan University,0,0,0
University of Nebraska-Lincoln,0,0,0
Northeast Community College,0,0,0
Peru State College,0,0,0
College of Saint Mary,0,0,1
Southeast Community College Area,0,0,0
Union College NE,0,0,0
Wayne State College,0,0,0
Western Nebraska Community College,0,0,0
York College,0,0,0
The Art Institute of Las Vegas,0,0,0
University of Nevada-Las Vegas,0,0,0
University of Nevada-Reno,0,0,0
Great Basin College,0,0,0
Sierra Nevada College,0,0,0
Truckee Meadows Community College,0,0,0
Colby-Sawyer College,0,0,0
Dartmouth College,0,0,0
Franklin Pierce University,0,0,0
Northeast Catholic College,0,0,0
New England College,0,0,0
Southern New Hampshire University,0,0,0
University of New Hampshire-Main Campus,0,0,0
Keene State College,0,0,0
University of New Hampshire at Manchester,0,0,0
Plymouth State University,0,0,0
NHTI-Concord's Community College,0,0,0
White Mountains Community College,0,0,0
River Valley Community College,0,0,0
Lakes Region Community College,0,0,0
Manchester Community College NH,0,0,0
Nashua Community College,0,0,0
Great Bay Community College,0,0,0
Rivier University,0,0,0
Saint Anselm College,0,0,0
Granite State College,0,0,0
Thomas More College of Liberal Arts,0,0,0
Eastwick College-Hackensack,0,0,0
Atlantic Cape Community College,0,0,0
Bergen Community College,0,0,0
Berkeley College-Woodland Park,0,0,0
Bloomfield College,0,0,0
Brookdale Community College,0,0,0
Rowan College at Burlington County,0,0,0
Caldwell University,0,0,0
Camden County College,0,0,0
Centenary University,0,0,0
County College of Morris,0,0,0
Cumberland County College,0,0,0
Drew University,0,0,0
Fairleigh Dickinson University-Metropolitan Campus,0,0,0
Felician University,0,0,0
Fairleigh Dickinson University-Florham Campus,0,0,0
Georgian Court University,0,0,0
Rowan University,0,0,0
Rowan College at Gloucester County,0,0,0
Eastwick College-Ramsey,0,0,0
Hudson County Community College,0,0,0
New Jersey City University,0,0,0
Kean University,0,0,0
Mercer County Community College,0,0,0
Middlesex County College,0,0,0
Monmouth University,0,0,0
Montclair State University,0,0,0
Eastwick College-Nutley,0,0,0
New Jersey Institute of Technology,0,0,0
Ocean County College,0,0,0
Passaic County Community College,0,0,0
Princeton University,0,0,0
Ramapo College of New Jersey,0,0,0
Rider University,0,0,0
Rutgers University-Camden,0,0,0
Rutgers University-New Brunswick,0,0,0
Rutgers University-Newark,0,0,0
Saint Peter's University,0,0,0
Salem Community College,0,0,0
Seton Hall University,0,0,0
College of Saint Elizabeth,0,0,1
Raritan Valley Community College,0,0,0
Stevens Institute of Technology,0,0,0
Stockton University,0,0,0
The College of New Jersey,0,0,0
Union County College,0,0,0
William Paterson University of New Jersey,0,0,0
Central New Mexico Community College,0,0,0
New Mexico State University-Dona Ana,0,0,0
Clovis Community College,0,0,0
Eastern New Mexico University-Main Campus,0,0,0
Eastern New Mexico University-Roswell Campus,0,0,0
Institute of American Indian and Alaska Native Culture and Arts Development,0,0,0
New Mexico Junior College,0,0,0
New Mexico Military Institute,0,0,0
University of New Mexico-Gallup Campus,0,0,0
New Mexico Institute of Mining and Technology,0,0,0
University of New Mexico-Los Alamos Campus,0,0,0
University of New Mexico-Main Campus,0,0,0
New Mexico State University-Alamogordo,0,0,0
New Mexico State University-Carlsbad,0,0,0
New Mexico State University-Grants,0,0,0
New Mexico State University-Main Campus,0,0,0
University of New Mexico-Valencia County Campus,0,0,0
Northern New Mexico College,0,0,0
San Juan College,0,0,0
Santa Fe Community College,0,0,0
University of the Southwest,0,0,0
University of New Mexico-Taos Campus,0,0,0
Western New Mexico University,0,0,0
Vaughn College of Aeronautics and Technology,0,0,0
Adelphi University,0,0,0
Adirondack Community College,0,0,0
Albany College of Pharmacy and Health Sciences,0,0,0
Alfred University,0,0,0
American Academy of Dramatic Arts-New York,0,0,0
Bard College,0,0,0
Barnard College,0,0,1
Berkeley College-New York,0,0,0
SUNY Broome Community College,0,0,0
Bryant & Stratton College-Syracuse,0,0,0
Canisius College,0,0,0
Cayuga County Community College,0,0,0
Cazenovia College,0,0,0
Clarkson University,0,0,0
Clinton Community College,0,0,0
Colgate University,0,0,0
Metropolitan College of New York,0,0,0
Columbia University in the City of New York,0,0,0
Columbia-Greene Community College,0,0,0
Concordia College-New York,0,0,0
Cornell University,0,0,0
Corning Community College,0,0,0
Pomeroy College of Nursing at Crouse Hospital,0,0,0
CUNY Bernard M Baruch College,0,0,0
CUNY Borough of Manhattan Community College,0,0,0
CUNY Bronx Community College,0,0,0
CUNY Brooklyn College,0,0,0
College of Staten Island CUNY,0,0,0
CUNY City College,0,0,0
CUNY Hostos Community College,0,0,0
CUNY Hunter College,0,0,0
CUNY John Jay College of Criminal Justice,0,0,0
CUNY Kingsborough Community College,0,0,0
CUNY LaGuardia Community College,0,0,0
CUNY Lehman College,0,0,0
CUNY Medgar Evers College,0,0,0
CUNY New York City College of Technology,0,0,0
CUNY Queens College,0,0,0
CUNY Queensborough Community College,0,0,0
CUNY York College,0,0,0
D'Youville College,0,0,0
Daemen College,0,0,0
Dominican College of Blauvelt,0,0,0
Dutchess Community College,0,0,0
Belanger School of Nursing,0,0,0
Elmira Business Institute,0,0,0
Elmira College,0,0,0
Erie Community College,0,0,0
Fashion Institute of Technology,0,0,0
Finger Lakes Community College,0,0,0
Five Towns College,0,0,0
Fordham University,0,0,0
Fulton-Montgomery Community College,0,0,0
Genesee Community College,0,0,0
Hamilton College,0,0,0
Hartwick College,0,0,0
Herkimer County Community College,0,0,0
Hilbert College,0,0,0
Hobart William Smith Colleges,0,0,0
Hofstra University,0,0,0
Houghton College,0,0,0
Hudson Valley Community College,0,0,0
Iona College,0,0,0
Ithaca College,0,0,0
Jamestown Community College,0,0,0
Jefferson Community College,0,0,0
Jewish Theological Seminary of America,0,0,0
The Juilliard School,0,0,0
Keuka College,0,0,0
LIM College,0,0,0
Le Moyne College,0,0,0
LIU Brooklyn,0,0,0
LIU Post,0,0,0
Long Island Business Institute,0,0,0
Mandl School-The College of Allied Health,0,0,0
Manhattan College,0,0,0
Manhattan School of Music,0,0,0
Manhattanville College,0,0,0
Maria College of Albany,0,0,0
Marist College,0,0,0
Marymount Manhattan College,0,0,0
Medaille College,0,0,0
Mercy College,0,0,0
Mohawk Valley Community College,0,0,0
Molloy College,0,0,0
Monroe College,0,0,0
Monroe Community College,0,0,0
Mount Saint Mary College,0,0,0
College of Mount Saint Vincent,0,0,0
Nassau Community College,0,0,0
Nazareth College,0,0,0
The College of New Rochelle,0,0,0
The New School,0,0,0
New York University,0,0,0
Niagara County Community College,0,0,0
Niagara University,0,0,0
North Country Community College,0,0,0
New York Institute of Technology,0,0,0
New York School of Interior Design,0,0,0
Nyack College,0,0,0
Onondaga Community College,0,0,0
Orange County Community College,0,0,0
Pace University-New York,0,0,0
Paul Smiths College of Arts and Science,0,0,0
Davis College,0,0,0
Pratt Institute-Main,0,0,0
Rensselaer Polytechnic Institute,0,0,0
Roberts Wesleyan College,0,0,0
Rochester Institute of Technology,0,0,0
University of Rochester,0,0,0
Rockland Community College,0,0,0
The Sage Colleges,0,0,0
St Bonaventure University,0,0,0
St Francis College,0,0,0
St Joseph's College of Nursing at St Joseph's Hospital Health Center,0,0,0
St Lawrence University,0,0,0
The College of Saint Rose,0,0,0
St. Thomas Aquinas College,0,0,0
Sarah Lawrence College,0,0,0
Schenectady County Community College,0,0,0
Siena College,0,0,0
Skidmore College,0,0,0
St. Joseph's College-New York,0,0,0
Saint Elizabeth College of Nursing,0,0,0
Saint John Fisher College,0,0,0
St John's University-New York,0,0,0
Sullivan County Community College,0,0,0
SUNY College of Technology at Alfred,0,0,0
SUNY College of Technology at Canton,0,0,0
SUNY College of Technology at Delhi,0,0,0
SUNY College of Agriculture and Technology at Cobleskill,0,0,0
Farmingdale State College,0,0,0
Morrisville State College,0,0,0
SUNY at Albany,0,0,0
Binghamton University,0,0,0
University at Buffalo,0,0,0
Stony Brook University,0,0,0
SUNY College of Environmental Science and Forestry,0,0,0
SUNY Polytechnic Institute,0,0,0
SUNY College at Brockport,0,0,0
SUNY Buffalo State,0,0,0
SUNY Cortland,0,0,0
SUNY at Fredonia,0,0,0
SUNY College at Geneseo,0,0,0
State University of New York at New Paltz,0,0,0
SUNY Oneonta,0,0,0
SUNY College at Oswego,0,0,0
SUNY College at Potsdam,0,0,0
SUNY at Purchase College,0,0,0
SUNY College at Old Westbury,0,0,0
SUNY College at Plattsburgh,0,0,0
SUNY Empire State College,0,0,0
SUNY Maritime College,0,0,0
Swedish Institute a College of Health Sciences,0,0,0
Syracuse University,0,0,0
Tompkins Cortland Community College,0,0,0
Touro College,0,0,0
Trocaire College,0,0,0
Ulster County Community College,0,0,0
Union College NY,0,0,0
United States Merchant Marine Academy,0,0,0
Utica College,0,0,0
Vassar College,0,0,0
Villa Maria College,0,0,0
School of Visual Arts,0,0,0
Wagner College,0,0,0
Webb Institute,0,0,0
Wells College,0,0,0
The College of Westchester,0,0,0
SUNY Westchester Community College,0,0,0
Yeshiva University,0,0,0
Yeshivath Viznitz,0,1,0
College of the Albemarle,0,0,0
The Art Institute of Charlotte,0,0,0
Appalachian State University,0,0,0
Asheville-Buncombe Technical Community College,0,0,0
Barton College,0,0,0
Beaufort County Community College,0,0,0
Belmont Abbey College,0,0,0
Bennett College,1,0,1
Bladen Community College,0,0,0
Blue Ridge Community College North Carolina,0,0,0
Brevard College,0,0,0
Cabarrus College of Health Sciences,0,0,0
Caldwell Community College and Technical Institute,0,0,0
Campbell University,0,0,0
Cape Fear Community College,0,0,0
Carteret Community College,0,0,0
Catawba College,0,0,0
Catawba Valley Community College,0,0,0
Chowan University,0,0,0
Craven Community College,0,0,0
Davidson County Community College,0,0,0
Davidson College,0,0,0
Duke University,0,0,0
Durham Technical Community College,0,0,0
East Carolina University,0,0,0
Edgecombe Community College,0,0,0
Elizabeth City State University,1,0,0
Elon University,0,0,0
Fayetteville Technical Community College,0,0,0
Fayetteville State University,1,0,0
Gardner-Webb University,0,0,0
Gaston College,0,0,0
Greensboro College,0,0,0
Guilford College,0,0,0
Guilford Technical Community College,0,0,0
Halifax Community College,0,0,0
Haywood Community College,0,0,0
Heritage Bible College,0,0,0
High Point University,0,0,0
James Sprunt Community College,0,0,0
Johnson C Smith University,1,0,0
Johnston Community College,0,0,0
Lees-McRae College,0,0,0
Lenoir Community College,0,0,0
Lenoir-Rhyne University,0,0,0
Livingstone College,1,0,0
Louisburg College,0,0,0
Mars Hill University,0,0,0
Martin Community College,0,0,0
Meredith College,0,0,1
Methodist University,0,0,0
Miller-Motte College-Wilmington,0,0,0
Montreat College,0,0,0
University of Mount Olive,0,0,0
North Carolina A & T State University,1,0,0
University of North Carolina at Asheville,0,0,0
University of North Carolina at Chapel Hill,0,0,0
University of North Carolina at Charlotte,0,0,0
University of North Carolina at Greensboro,0,0,0
North Carolina Central University,1,0,0
University of North Carolina School of the Arts,0,0,0
North Carolina State University at Raleigh,0,0,0
North Carolina Wesleyan College,0,0,0
University of North Carolina Wilmington,0,0,0
William Peace University,0,0,0
University of North Carolina at Pembroke,0,0,0
Pfeiffer University,0,0,0
Pitt Community College,0,0,0
Queens University of Charlotte,0,0,0
Mid-Atlantic Christian University,0,0,0
Roanoke-Chowan Community College,0,0,0
Rockingham Community College,0,0,0
Saint Augustine's University,1,0,0
Salem College,0,0,1
Sandhills Community College,0,0,0
Shaw University,1,0,0
St. Andrews University,0,0,0
Southeastern Community College NC,0,0,0
Southwestern Community College NC,0,0,0
Surry Community College,0,0,0
Vance-Granville Community College,0,0,0
Wake Forest University,0,0,0
Wake Technical Community College,0,0,0
Warren Wilson College,0,0,0
Wayne Community College,0,0,0
Western Piedmont Community College,0,0,0
Wilkes Community College,0,0,0
Wilson Community College,0,0,0
Wingate University,0,0,0
Winston-Salem State University,1,0,0
Western Carolina University,0,0,0
Dickinson State University,0,0,0
University of Jamestown,0,0,0
Lake Region State College,0,0,0
University of Mary,0,0,0
Mayville State University,0,0,0
Minot State University,0,0,0
University of North Dakota,0,0,0
North Dakota State College of Science,0,0,0
Dakota College at Bottineau,0,0,0
North Dakota State University-Main Campus,0,0,0
Williston State College,0,0,0
Trinity Bible College and Graduate School,0,0,0
Valley City State University,0,0,0
ETI Technical College,0,0,0
Herzing University-Akron,0,0,0
University of Akron Main Campus,0,0,0
University of Akron Wayne College,0,0,0
Art Academy of Cincinnati,0,0,0
Ashland University,0,0,0
Aultman College of Nursing and Health Sciences,0,0,0
Baldwin Wallace University,0,0,0
Belmont College,0,0,0
Bluffton University,0,0,0
Bowling Green State University-Firelands,0,0,0
Bowling Green State University-Main Campus,0,0,0
Capital University,0,0,0
Case Western Reserve University,0,0,0
Cedarville University,0,0,0
Central Ohio Technical College,0,0,0
Central State University,1,0,0
Chatfield College,0,0,0
The Christ College of Nursing and Health Sciences,0,0,0
Cincinnati Christian University,0,0,0
University of Cincinnati-Main Campus,0,0,0
Cincinnati State Technical and Community College,0,0,0
Ohio Christian University,0,0,0
Clark State Community College,0,0,0
Cleveland Institute of Art,0,0,0
Cleveland Institute of Music,0,0,0
Cleveland State University,0,0,0
Columbus College of Art and Design,0,0,0
Columbus State Community College,0,0,0
Cuyahoga Community College District,0,0,0
University of Dayton,0,0,0
Defiance College,0,0,0
Denison University,0,0,0
Edison State Community College,0,0,0
The University of Findlay,0,0,0
Franklin University,0,0,0
Gods Bible School and College,0,0,0
Good Samaritan College of Nursing and Health Science,0,0,0
Heidelberg University,0,0,0
Hiram College,0,0,0
Hocking College,0,0,0
John Carroll University,0,0,0
Kent State University at Ashtabula,0,0,0
Kent State University at East Liverpool,0,0,0
Kent State University at Stark,0,0,0
Kent State University at Trumbull,0,0,0
Kent State University at Tuscarawas,0,0,0
Kent State University at Salem,0,0,0
Kent State University at Kent,0,0,0
Kent State University at Geauga,0,0,0
Kenyon College,0,0,0
Kettering College,0,0,0
Lake Erie College,0,0,0
Lakeland Community College,0,0,0
James A Rhodes State College,0,0,0
Ohio Business College-Sheffield,0,0,0
Ohio Business College-Sandusky,0,0,0
Lorain County Community College,0,0,0
Lourdes University,0,0,0
Malone University,0,0,0
Marietta College,0,0,0
Marion Technical College,0,0,0
Mercy College of Ohio,0,0,0
Miami University-Hamilton,0,0,0
Miami University-Middletown,0,0,0
Miami University-Oxford,0,0,0
Mount Carmel College of Nursing,0,0,0
University of Mount Union,0,0,0
Mount Vernon Nazarene University,0,0,0
Mount Saint Joseph University,0,0,0
Zane State College,0,0,0
Muskingum University,0,0,0
North Central State College,0,0,0
Notre Dame College,0,0,0
University of Northwestern Ohio,0,0,0
Oberlin College,0,0,0
Ohio Dominican University,0,0,0
Ohio Northern University,0,0,0
Ohio State University Agricultural Technical Institute,0,0,0
Ohio State University-Lima Campus,0,0,0
Ohio State University-Mansfield Campus,0,0,0
Ohio State University-Marion Campus,0,0,0
Ohio State University-Newark Campus,0,0,0
Ohio State University-Main Campus,0,0,0
Ohio University-Eastern Campus,0,0,0
Ohio University-Chillicothe Campus,0,0,0
Ohio University-Southern Campus,0,0,0
Ohio University-Lancaster Campus,0,0,0
Ohio University-Main Campus,0,0,0
Ohio University-Zanesville Campus,0,0,0
Trinity Health System School of Nursing,0,0,0
Ohio Wesleyan University,0,0,0
Otterbein University,0,0,0
Owens Community College,0,0,0
Pontifical College Josephinum,0,1,0
Professional Skills Institute,0,0,0
University of Rio Grande,0,0,0
Advertising Art Educational Services DBA School of Advertising Art,0,0,0
Shawnee State University,0,0,0
Sinclair Community College,0,0,0
Stark State College,0,0,0
Stautzenberger College-Maumee,0,0,0
Franciscan University of Steubenville,0,0,0
Southern State Community College,0,0,0
Terra State Community College,0,0,0
Tiffin University,0,0,0
University of Toledo,0,0,0
Union Institute & University,0,0,0
Urbana University,0,0,0
Ursuline College,0,0,1
Virginia Marti College of Art and Design,0,0,0
Walsh University,0,0,0
Washington State Community College,0,0,0
Wilberforce University,1,0,0
Wilmington College,0,0,0
Wittenberg University,0,0,0
The College of Wooster,0,0,0
Wright State University-Main Campus,0,0,0
Wright State University-Lake Campus,0,0,0
Xavier University,0,0,0
Youngstown State University,0,0,0
Bacone College,0,0,0
Oklahoma Wesleyan University,0,0,0
Southern Nazarene University,0,0,0
Cameron University,0,0,0
Carl Albert State College,0,0,0
University of Central Oklahoma,0,0,0
Connors State College,0,0,0
East Central University,0,0,0
Eastern Oklahoma State College,0,0,0
Redlands Community College,0,0,0
Randall University,0,0,0
Langston University,1,0,0
Murray State College,0,0,0
Northeastern State University,0,0,0
Northern Oklahoma College,0,0,0
Northeastern Oklahoma A&M College,0,0,0
Northwestern Oklahoma State University,0,0,0
Oklahoma Christian University,0,0,0
Oklahoma State University-Main Campus,0,0,0
Oklahoma Baptist University,0,0,0
Oklahoma City Community College,0,0,0
Oklahoma City University,0,0,0
University of Oklahoma-Norman Campus,0,0,0
Oral Roberts University,0,0,0
Rogers State University,0,0,0
Rose State College,0,0,0
University of Science and Arts of Oklahoma,0,0,0
Seminole State College,0,0,0
Southeastern Oklahoma State University,0,0,0
Southwestern Christian University,0,0,0
Southwestern Oklahoma State University,0,0,0
Tulsa Community College,0,0,0
University of Tulsa,0,0,0
Western Oklahoma State College,0,0,0
The Art Institute of Portland,0,0,0
Blue Mountain Community College,0,0,0
Central Oregon Community College,0,0,0
Chemeketa Community College,0,0,0
Clackamas Community College,0,0,0
Clatsop Community College,0,0,0
Concordia University-Portland,0,0,0
Eastern Oregon University,0,0,0
New Hope Christian College-Eugene,0,0,0
George Fox University,0,0,0
Lane Community College,0,0,0
Lewis & Clark College,0,0,0
Linfield College-McMinnville Campus,0,0,0
Linn-Benton Community College,0,0,0
Mount Angel Seminary,0,1,0
Mt Hood Community College,0,0,0
Multnomah University,0,0,0
Northwest Christian University,0,0,0
Oregon Institute of Technology,0,0,0
Oregon College of Art and Craft,0,0,0
Oregon State University,0,0,0
University of Oregon,0,0,0
Pacific Northwest College of Art,0,0,0
Pacific University,0,0,0
Portland Community College,0,0,0
Portland State University,0,0,0
University of Portland,0,0,0
Reed College,0,0,0
Rogue Community College,0,0,0
Southern Oregon University,0,0,0
Southwestern Oregon Community College,0,0,0
Treasure Valley Community College,0,0,0
Umpqua Community College,0,0,0
Warner Pacific College,0,0,0
Corban University,0,0,0
Willamette University,0,0,0
Western Oregon University,0,0,0
Bryn Athyn College of the New Church,0,0,0
Albright College,0,0,0
Community College of Allegheny County,0,0,0
Allegheny College,0,0,0
DeSales University,0,0,0
Alvernia University,0,0,0
The Art Institute of Philadelphia,0,0,0
The Art Institute of Pittsburgh,0,0,0
Clarks Summit University,0,0,0
Community College of Beaver County,0,0,0
Arcadia University,0,0,0
Bloomsburg University of Pennsylvania,0,0,0
Bradford School,0,0,0
Bryn Mawr College,0,0,1
Bucknell University,0,0,0
Bucks County Community College,0,0,0
Butler County Community College,0,0,0
Cabrini University,0,0,0
California University of Pennsylvania,0,0,0
Carlow University,0,0,0
Carnegie Mellon University,0,0,0
Cedar Crest College,0,0,1
Central Penn College,0,0,0
Chatham University,0,0,0
Chestnut Hill College,0,0,0
Cheyney University of Pennsylvania,1,0,0
Clarion University of Pennsylvania,0,0,0
Curtis Institute of Music,0,0,0
Delaware County Community College,0,0,0
Delaware Valley University,0,0,0
Dickinson College,0,0,0
Douglas Education Center,0,0,0
Drexel University,0,0,0
Duquesne University,0,0,0
East Stroudsburg University of Pennsylvania,0,0,0
Eastern University,0,0,0
Edinboro University of Pennsylvania,0,0,0
Elizabethtown College,0,0,0
Franklin and Marshall College,0,0,0
Gannon University,0,0,0
Geneva College,0,0,0
Gettysburg College,0,0,0
Gwynedd Mercy University,0,0,0
Harcum College,0,0,0
Harrisburg Area Community College,0,0,0
Haverford College,0,0,0
Holy Family University,0,0,0
Hussian College School of Art,0,0,0
Immaculata University,0,0,0
Indiana University of Pennsylvania-Main Campus,0,0,0
Johnson College,0,0,0
Juniata College,0,0,0
Keystone College,0,0,0
King's College PA,0,0,0
Kutztown University of Pennsylvania,0,0,0
La Roche College,0,0,0
La Salle University,0,0,0
Lackawanna College,0,0,0
Lafayette College,0,0,0
Lancaster Bible College,0,0,0
Lansdale School of Business,0,0,0
Lebanon Valley College,0,0,0
Lehigh Carbon Community College,0,0,0
Berks Technical Institute,0,0,0
Lehigh University,0,0,0
Lincoln University PA,1,0,0
Lock Haven University,0,0,0
St Margaret School of Nursing,0,0,0
Luzerne County Community College,0,0,0
Lycoming College,0,0,0
Manor College,0,0,0
Mansfield University of Pennsylvania,0,0,0
Marywood University,0,0,0
Mercyhurst University,0,0,0
Messiah College,0,0,0
The Workforce Institute's City College,0,0,0
Millersville University of Pennsylvania,0,0,0
Misericordia University,0,0,0
Montgomery County Community College,0,0,0
Moore College of Art and Design,0,0,1
Moravian College,0,0,0
Mount Aloysius College,0,0,0
Muhlenberg College,0,0,0
Neumann University,0,0,0
Northampton County Area Community College,0,0,0
Pennsylvania Institute of Technology,0,0,0
Pennsylvania State University-Penn State Erie-Behrend College,0,0,0
Pennsylvania State University-Penn State New Kensington,0,0,0
Pennsylvania State University-Penn State Shenango,0,0,0
Pennsylvania State University-Penn State Wilkes-Barre,0,0,0
Pennsylvania State University-Penn State Worthington Scranton,0,0,0
Pennsylvania State University-Penn State Lehigh Valley,0,0,0
Pennsylvania State University-Penn State Altoona,0,0,0
Pennsylvania State University-Penn State Beaver,0,0,0
Pennsylvania State University-Penn State Berks,0,0,0
Pennsylvania State University-Penn State Harrisburg,0,0,0
Pennsylvania State University-Penn State Brandywine,0,0,0
Pennsylvania State University-Penn State DuBois,0,0,0
Pennsylvania State University-Penn State Fayette- Eberly,0,0,0
Pennsylvania State University-Penn State Hazleton,0,0,0
Pennsylvania State University-Main Campus,0,0,0
Pennsylvania State University-Penn State Greater Allegheny,0,0,0
Pennsylvania State University-Penn State Mont Alto,0,0,0
Pennsylvania State University-Penn State Abington,0,0,0
Pennsylvania State University-Penn State Schuylkill,0,0,0
Pennsylvania State University-Penn State York,0,0,0
Peirce College,0,0,0
Penn Commercial Business/Technical School,0,0,0
Pennsylvania Academy of the Fine Arts,0,0,0
Pennsylvania College of Art and Design,0,0,0
University of Pennsylvania,0,0,0
Jefferson (Philadelphia University + Thomas Jefferson University),0,0,0
The University of the Arts,0,0,0
Cairn University-Langhorne,0,0,0
University of the Sciences,0,0,0
Community College of Philadelphia,0,0,0
University of Pittsburgh-Bradford,0,0,0
University of Pittsburgh-Greensburg,0,0,0
University of Pittsburgh-Johnstown,0,0,0
University of Pittsburgh-Pittsburgh Campus,0,0,0
University of Pittsburgh-Titusville,0,0,0
Point Park University,0,0,0
Reading Area Community College,0,0,0
Reading Hospital School of Health Sciences,0,0,0
The Restaurant School at Walnut Hill College,0,0,0
Robert Morris University,0,0,0
Rosemont College,0,0,0
Saint Francis University,0,0,0
Saint Joseph's University,0,0,0
Saint Vincent College,0,0,0
University of Scranton,0,0,0
Seton Hill University,0,0,0
University of Pittsburgh Medical Center-Shadyside School of Nursing,0,0,0
Laurel Technical Institute Sharon,0,0,0
Shippensburg University of Pennsylvania,0,0,0
Slippery Rock University of Pennsylvania,0,0,0
Saint Charles Borromeo Seminary-Overbrook,0,1,0
South Hills School of Business & Technology,0,0,0
Susquehanna University,0,0,0
Swarthmore College,0,0,0
Thaddeus Stevens College of Technology,0,0,0
Temple University,0,0,0
Thiel College,0,0,0
Ursinus College,0,0,0
University of Valley Forge,0,0,0
Valley Forge Military College,0,0,0
Villanova University,0,0,0
Washington & Jefferson College,0,0,0
Waynesburg University,0,0,0
West Chester University of Pennsylvania,0,0,0
Westminster College PA,0,0,0
Westmoreland County Community College,0,0,0
Widener University,0,0,0
Wilkes University,0,0,0
Wilson College,0,0,0
York College of Pennsylvania,0,0,0
Brown University,0,0,0
Bryant University,0,0,0
Johnson & Wales University-Providence,0,0,0
Providence College,0,0,0
Rhode Island College,0,0,0
Community College of Rhode Island,0,0,0
University of Rhode Island,0,0,0
Rhode Island School of Design,0,0,0
Roger Williams University,0,0,0
Salve Regina University,0,0,0
Northpoint Bible College,0,0,0
Allen University,1,0,0
Anderson University South Carolina,0,0,0
Charleston Southern University,0,0,0
Technical College of the Lowcountry,0,0,0
Benedict College,1,0,0
Bob Jones University,0,0,0
Southern Wesleyan University,0,0,0
College of Charleston,0,0,0
Citadel Military College of South Carolina,0,0,0
Claflin University,1,0,0
Clemson University,0,0,0
Coker College,0,0,0
Columbia International University,0,0,0
Columbia College South Carolina,0,0,1
Converse College,0,0,1
Denmark Technical College,1,0,0
Erskine College,0,0,0
Florence-Darlington Technical College,0,0,0
Francis Marion University,0,0,0
Furman,0,0,0
Greenville Technical College,0,0,0
Horry-Georgetown Technical College,0,0,0
Lander University,0,0,0
Limestone College,0,0,0
Midlands Technical College,0,0,0
Morris College,1,0,0
Newberry College,0,0,0
North Greenville University,0,0,0
Orangeburg Calhoun Technical College,0,0,0
Piedmont Technical College,0,0,0
Presbyterian College,0,0,0
University of South Carolina-Aiken,0,0,0
University of South Carolina-Beaufort,0,0,0
University of South Carolina-Columbia,0,0,0
University of South Carolina-Lancaster,0,0,0
University of South Carolina-Salkehatchie,0,0,0
University of South Carolina-Sumter,0,0,0
University of South Carolina-Union,0,0,0
Coastal Carolina University,0,0,0
South Carolina State University,1,0,0
University of South Carolina-Upstate,0,0,0
Spartanburg Methodist College,0,0,0
Spartanburg Community College,0,0,0
Central Carolina Technical College,0,0,0
Tri-County Technical College,0,0,0
Trident Technical College,0,0,0
Voorhees College,1,0,0
Winthrop University,0,0,0
Wofford College,0,0,0
York Technical College,0,0,0
Augustana University,0,0,0
Black Hills State University,0,0,0
Dakota State University,0,0,0
Dakota Wesleyan University,0,0,0
Lake Area Technical Institute,0,0,0
Mitchell Technical Institute,0,0,0
Mount Marty College,0,0,0
Northern State University,0,0,0
Presentation College,0,0,0
South Dakota School of Mines and Technology,0,0,0
South Dakota State University,0,0,0
University of Sioux Falls,0,0,0
Southeast Technical Institute,0,0,0
University of South Dakota,0,0,0
Western Dakota Technical Institute,0,0,0
Austin Peay State University,0,0,0
Baptist Memorial College of Health Sciences,0,0,0
Belmont University,0,0,0
Bethel University Tennessee,0,0,0
Bryan College-Dayton,0,0,0
Carson-Newman University,0,0,0
Chattanooga State Community College,0,0,0
Christian Brothers University,0,0,0
Cleveland State Community College,0,0,0
Columbia State Community College,0,0,0
Cumberland University,0,0,0
Lipscomb University,0,0,0
Dyersburg State Community College,0,0,0
East Tennessee State University,0,0,0
Fisk University,1,0,0
Welch College,0,0,0
Freed-Hardeman University,0,0,0
Hiwassee College,0,0,0
John A Gupton College,0,0,0
Johnson University,0,0,0
King University,0,0,0
Lane College,1,0,0
Le Moyne-Owen College,1,0,0
Lee University,0,0,0
Lincoln Memorial University,0,0,0
Martin Methodist College,0,0,0
Maryville College,0,0,0
Memphis College of Art,0,0,0
University of Memphis,0,0,0
Middle Tennessee State University,0,0,0
Motlow State Community College,0,0,0
Nashville State Community College,0,0,0
Rhodes College,0,0,0
Roane State Community College,0,0,0
Southwest Tennessee Community College,0,0,0
Sewanee-The University of the South,0,0,0
Pellissippi State Community College,0,0,0
Southern Adventist University,0,0,0
Tennessee Wesleyan University,0,0,0
The University of Tennessee-Chattanooga,0,0,0
The University of Tennessee-Knoxville,0,0,0
The University of Tennessee-Martin,0,0,0
Tennessee State University,1,0,0
Tennessee Technological University,0,0,0
Trevecca Nazarene University,0,0,0
Northeast State Community College,0,0,0
Tusculum College,0,0,0
Union University,0,0,0
Vanderbilt University,0,0,0
Volunteer State Community College,0,0,0
Walters State Community College,0,0,0
Abilene Christian University,0,0,0
Alvin Community College,0,0,0
Amarillo College,0,0,0
Angelo State University,0,0,0
Arlington Baptist University,0,0,0
The Art Institute of Houston,0,0,0
Austin College,0,0,0
Austin Community College District,0,0,0
Baylor University,0,0,0
Coastal Bend College,0,0,0
Blinn College,0,0,0
Vet Tech Institute of Houston,0,0,0
Brookhaven College,0,0,0
Cedar Valley College,0,0,0
Central Texas College,0,0,0
Cisco College,0,0,0
Clarendon College,0,0,0
Concordia University Texas,0,0,0
North Central Texas College,0,0,0
Texas A & M University-Corpus Christi,0,0,0
Dallas Baptist University,0,0,0
Dallas Christian College,0,0,0
University of Dallas,0,0,0
Del Mar College,0,0,0
East Texas Baptist University,0,0,0
Texas A&M University-Texarkana,0,0,0
Texas A & M University-Commerce,0,0,0
Eastfield College,0,0,0
El Centro College,0,0,0
El Paso Community College,0,0,0
South University-The Art Institute of Dallas,0,0,0
Frank Phillips College,0,0,0
Galveston College,0,0,0
Grayson College,0,0,0
Hardin-Simmons University,0,0,0
Trinity Valley Community College,0,0,0
Hill College,0,0,0
Houston Baptist University,0,0,0
University of Houston-Clear Lake,0,0,0
Houston Community College,0,0,0
University of Houston-Downtown,0,0,0
University of Houston-Victoria,0,0,0
University of Houston,0,0,0
Howard College,0,0,0
Howard Payne University,0,0,0
Huston-Tillotson University,1,0,0
University of the Incarnate Word,0,0,0
Jarvis Christian College,1,0,0
Kilgore College,0,0,0
Lamar University,0,0,0
Lamar State College-Orange,0,0,0
Lamar State College-Port Arthur,0,0,0
Laredo Community College,0,0,0
Texas A & M International University,0,0,0
Lee College,0,0,0
LeTourneau University,0,0,0
Lubbock Christian University,0,0,0
College of the Mainland,0,0,0
University of Mary Hardin-Baylor,0,0,0
McLennan Community College,0,0,0
McMurry University,0,0,0
Midwestern State University,0,0,0
Wade College,0,0,0
Mountain View College,0,0,0
Navarro College,0,0,0
Lone Star College System,0,0,0
North Lake College,0,0,0
University of North Texas,0,0,0
Odessa College,0,0,0
Our Lady of the Lake University,0,0,0
The University of Texas Rio Grande Valley,0,0,0
Texas Southmost College,0,0,0
Paris Junior College,0,0,0
Paul Quinn College,1,0,0
Prairie View A & M University,1,0,0
Ranger College,0,0,0
Rice University,0,0,0
Richland College,0,0,0
Saint Edward's University,0,0,0
St Philip's College,1,0,0
University of St Thomas TX,0,0,0
Sam Houston State University,0,0,0
San Antonio College,0,0,0
San Jacinto Community College,0,0,0
Schreiner University,0,0,0
St. Mary's University,0,0,0
South Plains College,0,0,0
Southern Methodist University,0,0,0
Southwest Texas Junior College,0,0,0
Southwestern Assemblies of God University,0,0,0
Southwestern University,0,0,0
Stephen F Austin State University,0,0,0
Texas State University,0,0,0
Southwestern Adventist University,0,0,0
Southwestern Christian College,1,0,0
Sul Ross State University,0,0,0
Tarleton State University,0,0,0
Tarrant County College District,0,0,0
Temple College,0,0,0
Texas A & M University-Kingsville,0,0,0
Texas A & M University-College Station,0,0,0
The University of Texas at Arlington,0,0,0
The University of Texas at Austin,0,0,0
The University of Texas at Dallas,0,0,0
The University of Texas at El Paso,0,0,0
The University of Texas at Tyler,0,0,0
Texas Christian University,0,0,0
Texas College,1,0,0
Texas Lutheran University,0,0,0
The University of Texas of the Permian Basin,0,0,0
The University of Texas at San Antonio,0,0,0
Texas Southern University,1,0,0
Texas Tech University,0,0,0
Texas Wesleyan University,0,0,0
Texas Woman's University,0,0,0
Trinity University,0,0,0
Vernon College,0,0,0
Victoria College,0,0,0
Wayland Baptist University,0,0,0
Weatherford College,0,0,0
West Texas A & M University,0,0,0
Western Texas College,0,0,0
Wharton County Junior College,0,0,0
Wiley College,1,0,0
Brigham Young University-Provo,0,0,0
Brigham Young University-Hawaii,0,0,0
Dixie State University,0,0,0
Eagle Gate College-Murray,0,0,0
LDS Business College,0,0,0
Snow College,0,0,0
Southern Utah University,0,0,0
Utah State University,0,0,0
Utah Valley University,0,0,0
Salt Lake Community College,0,0,0
University of Utah,0,0,0
Weber State University,0,0,0
Westminster College UT,0,0,0
Bennington College,0,0,0
Castleton University,0,0,0
Champlain College,0,0,0
Goddard College,0,0,0
Green Mountain College,0,0,0
Johnson State College,0,0,0
Lyndon State College,0,0,0
Marlboro College,0,0,0
Middlebury College,0,0,0
Norwich University,0,0,0
Saint Michael's College,0,0,0
College of St Joseph,0,0,0
Southern Vermont College,0,0,0
Sterling College VT,0,0,0
Vermont Technical College,0,0,0
University of Vermont,0,0,0
Advanced Technology Institute,0,0,0
Averett University,0,0,0
Blue Ridge Community College Virginia,0,0,0
Bluefield College,0,0,0
Bridgewater College,0,0,0
College of William and Mary,0,0,0
Regent University,0,0,0
Christopher Newport University,0,0,0
Dabney S Lancaster Community College,0,0,0
Danville Community College,0,0,0
Emory & Henry College,0,0,0
Eastern Mennonite University,0,0,0
Ferrum College,0,0,0
George Mason University,0,0,0
Germanna Community College,0,0,0
Hampden-Sydney College,0,1,0
Hampton University,1,0,0
Hollins University,0,0,1
J Sargeant Reynolds Community College,0,0,0
James Madison University,0,0,0
John Tyler Community College,0,0,0
Liberty University,0,0,0
Longwood University,0,0,0
University of Lynchburg,0,0,0
Mary Baldwin University,0,0,1
University of Mary Washington,0,0,0
Marymount University,0,0,0
New River Community College,0,0,0
Norfolk State University,1,0,0
Northern Virginia Community College,0,0,0
Old Dominion University,0,0,0
Piedmont Virginia Community College,0,0,0
Radford University,0,0,0
Randolph-Macon College,0,0,0
Randolph College,0,0,0
Richard Bland College of William and Mary,0,0,0
University of Richmond,0,0,0
Riverside College of Health Careers,0,0,0
Roanoke College,0,0,0
Shenandoah University,0,0,0
Southern Virginia University,0,0,0
Strayer University-Virginia,0,0,0
Sweet Briar College,0,0,1
Thomas Nelson Community College,0,0,0
Tidewater Community College,0,0,0
The University of Virginia's College at Wise,0,0,0
Virginia Polytechnic Institute and State University,0,0,0
Virginia Western Community College,0,0,0
Virginia Commonwealth University,0,0,0
University of Virginia-Main Campus,0,0,0
Virginia Military Institute,0,0,0
Virginia University of Lynchburg,1,0,0
Virginia State University,1,0,0
Virginia Union University,1,0,0
Virginia Wesleyan University,0,0,0
Washington and Lee University,0,0,0
Wytheville Community College,0,0,0
The Art Institute of Seattle,0,0,0
Big Bend Community College,0,0,0
Central Washington University,0,0,0
Cornish College of the Arts,0,0,0
Eastern Washington University,0,0,0
Edmonds Community College,0,0,0
Everett Community College,0,0,0
The Evergreen State College,0,0,0
Gonzaga University,0,0,0
Heritage University,0,0,0
Bates Technical College,0,0,0
Lower Columbia College,0,0,0
Northwest University,0,0,0
Pacific Lutheran University,0,0,0
University of Puget Sound,0,0,0
Saint Martin's University,0,0,0
Seattle Pacific University,0,0,0
Seattle University,0,0,0
Shoreline Community College,0,0,0
South Puget Sound Community College,0,0,0
Spokane Community College,0,0,0
Walla Walla Community College,0,0,0
Walla Walla University,0,0,0
Washington State University,0,0,0
University of Washington-Seattle Campus,0,0,0
Wenatchee Valley College,0,0,0
Western Washington University,0,0,0
Whatcom Community College,0,0,0
Whitman College,0,0,0
Whitworth University,0,0,0
Alderson Broaddus University,0,0,0
Appalachian Bible College,0,0,0
Bethany College West Virginia,0,0,0
Bluefield State College,1,0,0
University of Charleston,0,0,0
Concord University,0,0,0
Davis & Elkins College,0,0,0
Fairmont State University,0,0,0
Glenville State College,0,0,0
Marshall University,0,0,0
Ohio Valley University,0,0,0
Potomac State College of West Virginia University,0,0,0
Shepherd University,0,0,0
Southern West Virginia Community and Technical College,0,0,0
West Virginia State University,1,0,0
West Liberty University,0,0,0
West Virginia Wesleyan College,0,0,0
West Virginia Northern Community College,0,0,0
West Virginia University,0,0,0
Wheeling Jesuit University,0,0,0
Alverno College,0,0,1
Bellin College,0,0,0
Beloit College,0,0,0
Blackhawk Technical College,0,0,0
Cardinal Stritch University,0,0,0
Carroll University,0,0,0
Carthage College,0,0,0
Concordia University-Wisconsin,0,0,0
Edgewood College,0,0,0
Fox Valley Technical College,0,0,0
Gateway Technical College,0,0,0
Lakeland University,0,0,0
Lakeshore Technical College,0,0,0
Lawrence University,0,0,0
Maranatha Baptist University,0,0,0
Marian University WI,0,0,0
Marquette University,0,0,0
Mid-State Technical College,0,0,0
Milwaukee Area Technical College,0,0,0
Milwaukee Institute of Art & Design,0,0,0
Milwaukee School of Engineering,0,0,0
Moraine Park Technical College,0,0,0
Mount Mary University,0,0,1
Nicolet Area Technical College,0,0,0
Northcentral Technical College,0,0,0
Northeast Wisconsin Technical College,0,0,0
Northland College,0,0,0
Ripon College,0,0,0
Saint Norbert College,0,0,0
Silver Lake College of the Holy Family,0,0,0
Southwest Wisconsin Technical College,0,0,0
Bryant & Stratton College-Milwaukee,0,0,0
University of Wisconsin Colleges,0,0,0
Viterbo University,0,0,0
Chippewa Valley Technical College,0,0,0
Waukesha County Technical College,0,0,0
Western Technical College,0,0,0
University of Wisconsin-Whitewater,0,0,0
Wisconsin Indianhead Technical College,0,0,0
University of Wisconsin-Eau Claire,0,0,0
University of Wisconsin-Green Bay,0,0,0
University of Wisconsin-La Crosse,0,0,0
Wisconsin Lutheran College,0,0,0
University of Wisconsin-Oshkosh,0,0,0
University of Wisconsin-Parkside,0,0,0
Herzing University-Madison,0,0,0
University of Wisconsin-Stout,0,0,0
University of Wisconsin-Superior,0,0,0
University of Wisconsin-Madison,0,0,0
University of Wisconsin-Milwaukee,0,0,0
University of Wisconsin-Platteville,0,0,0
University of Wisconsin-River Falls,0,0,0
University of Wisconsin-Stevens Point,0,0,0
Casper College,0,0,0
Central Wyoming College,0,0,0
Eastern Wyoming College,0,0,0
Laramie County Community College,0,0,0
Northwest College,0,0,0
Sheridan College,0,0,0
Western Wyoming Community College,0,0,0
University of Wyoming,0,0,0
University of Guam,0,0,0
American University of Puerto Rico,0,0,0
Universidad Adventista de las Antillas,0,0,0
Atlantic University College,0,0,0
Universidad Central de Bayamon,0,0,0
Carlos Albizu University-San Juan,0,0,0
Caribbean University-Bayamon,0,0,0
Caribbean University-Carolina,0,0,0
Pontifical Catholic University of Puerto Rico-Arecibo,0,0,0
Pontifical Catholic University of Puerto Rico-Ponce,0,0,0
Universidad Metropolitana,0,0,0
Puerto Rico Conservatory of Music,0,0,0
ICPR Junior College-Arecibo,0,0,0
ICPR Junior College-Mayaguez,0,0,0
National University College,0,0,0
National University College-Arecibo,0,0,0
University of Puerto Rico-Aguadilla,0,0,0
University of Puerto Rico-Carolina,0,0,0
University of Puerto Rico-Cayey,0,0,0
University of Puerto Rico-Mayaguez,0,0,0
Universidad del Este,0,0,0
Universidad del Sagrado Corazon,0,0,0
Universidad Central Del Caribe,0,0,0
Universidad Politecnica de Puerto Rico,0,0,0
Pontifical Catholic University of Puerto Rico-Mayaguez,0,0,0
Universidad del Turabo,0,0,0
University of the Virgin Islands,1,0,0
Stanford University,0,0,0
Purdue University-Main Campus,0,0,0
EDP University of Puerto Rico Inc-San Juan,0,0,0
ICPR Junior College-General Institutional,0,0,0
Georgia State University-Perimeter College,0,0,0
Georgia Piedmont Technical College,0,0,0
Warren County Community College,0,0,0
St. John's College NM,0,0,0
Mid-America Christian University,0,0,0
Palo Alto College,0,0,0
Sussex County Community College,0,0,0
Landmark College,0,0,0
Collin County Community College District,0,0,0
Owensboro Community and Technical College,0,0,0
FIDM-Fashion Institute of Design & Merchandising-San Diego,0,0,0
ECPI University,0,0,0
Laurel Business Institute,0,0,0
Southern Union State Community College,0,0,0
South University-Columbia,0,0,0
Kaplan University-Davenport Campus,0,0,0
St Charles Community College,0,0,0
New College of Florida,0,0,0
Luna Community College,0,0,0
Caribbean University-Ponce,0,0,0
University of Advancing Technology,0,0,0
Paradise Valley Community College,0,0,0
Chandler-Gilbert Community College,0,0,0
South Florida Bible College and Theological Seminary,0,0,0
Pennsylvania College of Technology,0,0,0
Suffolk County Community College,0,0,0
Las Positas College,0,0,0
California State University-San Marcos,0,0,0
Kaplan University-Des Moines Campus,0,0,0
McCann School of Business & Technology,0,0,0
NorthWest Arkansas Community College,0,0,0
Hodges University,0,0,0
Argosy University-Atlanta,0,0,0
Nossi College of Art,0,0,0
University of Washington-Bothell Campus,0,0,0
University of Washington-Tacoma Campus,0,0,0
Fond du Lac Tribal and Community College,0,0,0
Provo College,0,0,0
King's College NC,0,0,0
Southwest Collegiate Institute for the Deaf,0,0,0
Hawaii Community College,0,0,0
Antonelli College-Hattiesburg,0,0,0
Eastern New Mexico University-Ruidoso Campus,0,0,0
Beacon College,0,0,0
Estrella Mountain Community College,0,0,0
Heartland Community College,0,0,0
Everglades University,0,0,0
Herzing University-Winter Park,0,0,0
College of Biblical Studies-Houston,0,0,0
Watkins College of Art Design & Film,0,0,0
Copper Mountain Community College,0,0,0
Mt Sierra College,0,0,0
Santiago Canyon College,0,0,0
Southern California Institute of Technology,0,0,0
Soka University of America,0,0,0
World Mission University,0,0,0
Southwest University of Visual Arts-Albuquerque,0,0,0
Frontier Community College,0,0,0
Lincoln Trail College,0,0,0
Wabash Valley College,0,0,0
Coconino Community College,0,0,0
ASA College,0,0,0
Arizona State University-West,0,0,0
Laurel Technical Institute Meadville,0,0,0
Florida National University-Main Campus,0,0,0
California State University-Monterey Bay,0,0,0
Bryant & Stratton College-Henrietta,0,0,0
Argosy University-The Art Institute of California-Hollywood,0,0,0
Capella University,0,0,0
Johnson & Wales University-North Miami,0,0,0
Trine University-Regional/Non-Traditional Campuses,0,0,0
Pennsylvania Highlands Community College,0,0,0
City College-Altamonte Springs,0,0,0
Messenger College,0,0,0
Northwest Vista College,0,0,0
York County Community College,0,0,0
Arizona State University-Polytechnic,0,0,0
Living Arts College,0,0,0
New York Conservatory for Dramatic Arts,0,0,0
Eastern International College-Jersey City,0,0,0
Oregon Coast Community College,0,0,0
Embry-Riddle Aeronautical University-Worldwide,0,0,0
Southeastern College-West Palm Beach,0,0,0
The Illinois Institute of Art-Schaumburg,0,0,0
Klamath Community College,0,0,0
The Art Institute of Phoenix,0,0,0
Strayer University-Maryland,0,0,0
New Hampshire Institute of Art,0,0,0
Mercy Hospital School of Nursing,0,0,0
Delaware College of Art and Design,0,0,0
American University of Health Sciences,0,0,0
Carolinas College of Health Sciences,0,0,0
Herzing University-Kenner,0,0,0
Florida Gulf Coast University,0,0,0
Community College of Baltimore County,0,0,0
Argosy University-Phoenix,0,0,0
River Parishes Community College,0,0,0
Argosy University-Orange County,0,0,0
International Baptist College and Seminary,0,0,0
University of Connecticut-Waterbury Campus,0,0,0
University of Connecticut-Avery Point,0,0,0
University of Connecticut-Stamford,0,0,0
Baton Rouge Community College,0,0,0
Stratford University,0,0,0
Eastern West Virginia Community and Technical College,0,0,0
Pierce College-Puyallup,0,0,0
Johnson & Wales University-Denver,0,0,0
MDT College of Health Sciences,0,0,0
Crossroads Bible College,0,0,0
The King's University,0,0,0
The Art Institute of Washington,0,0,0
Pillar College,0,0,0
Oregon State University-Cascades Campus,0,0,0
Miller-Motte Technical College-Charleston,0,0,0
Texas County Technical College,0,0,0
Apex School of Theology,0,0,0
Lamar Institute of Technology,0,0,0
Nevada State College,0,0,0
California State University-Channel Islands,0,0,0
Argosy University-The Art Institute of California-Orange County,0,0,0
Franklin W Olin College of Engineering,0,0,0
Argosy University-Dallas,0,0,0
Family of Faith Christian University,0,0,0
West Coast University-Los Angeles,0,0,0
DigiPen Institute of Technology,0,0,0
Pierpont Community and Technical College,0,0,0
Miller-Motte Technical College-Chattanooga,0,0,0
Strayer University-Tennessee,0,0,0
Strayer University-Pennsylvania,0,0,0
National University College-Rio Grande,0,0,0
Folsom Lake College,0,0,0
Baptist University of the Americas,0,0,0
Culinary Institute Inc,0,0,0
Mountwest Community and Technical College,0,0,0
University of California-Merced,0,0,0
Central Methodist University-College of Graduate and Extended Studies,0,0,0
Neumont College of Computer Science,0,0,0
Johnson & Wales University-Charlotte,0,0,0
Ave Maria University,0,0,0
Ecclesia College,0,0,0
Blue Ridge Community and Technical College,0,0,0
Eagle Gate College-Layton,0,0,0
New River Community and Technical College,0,0,0
Georgia Gwinnett College,0,0,0
SUM Bible College and Theological Seminary,0,0,0
The Art Institute of Indianapolis,0,0,0
Eastern International College-Belleville,0,0,0
Argosy University-The Art Institute of California-Inland Empire,0,0,0
West Hills College-Lemoore,0,0,0
Stautzenberger College-Brecksville,0,0,0
University of South Florida-St Petersburg,0,0,0
Arizona State University-Downtown Phoenix,0,0,0
The Art Institute of Tennessee-Nashville,0,0,0
Strayer University-Florida,0,0,0
Miller-Motte College-Cary,0,0,0
American Public University System,0,0,0
Visible Music College,0,0,0
Averett University-Non-Traditional Programs,0,0,0
The Art Institute of Charleston,0,0,0
Argosy University-The Art Institute of California-Sacramento,0,0,0
Argosy University-Nashville,0,0,0
Columbia Southern University,0,0,0
Trident University International,0,0,0
The Art Institute of Pittsburgh-Online Division,0,0,0
University of South Florida-Sarasota-Manatee,0,0,0
The Art Institute of Michigan,0,0,0
The Art Institute of Austin,0,0,0
The Art Institute of Raleigh-Durham,0,0,0
Beckfield College-Tri-County,0,0,0
Strayer University-North Carolina,0,0,0
The King's College,0,0,0
Chamberlain University-Illinois,0,0,0
Chamberlain University-Ohio,0,0,0
Chamberlain University-Arizona,0,0,0
Miller-Motte College-Raleigh,0,0,0
Polytechnic University of Puerto Rico-Orlando,0,0,0
University of Minnesota-Rochester,0,0,0
Herzing University-Toledo,0,0,0
Chamberlain University-Florida,0,0,0
West Coast University-Orange County,0,0,0
West Coast University-Ontario,0,0,0
Miller-Motte College-Fayetteville,0,0,0
Miller-Motte Technical College-Columbus,0,0,0
National University College-Ponce,0,0,0
The Art Institute of Virginia Beach,0,0,0
Strayer University-Georgia,0,0,0
Strayer University-South Carolina,0,0,0
The Art Institute of San Antonio,0,0,0
South University-Richmond,0,0,0
South University-Virginia Beach,0,0,0
Herzing University-Kenosha,0,0,0
Herzing University-Brookfield,0,0,0
Strayer University-Global Region,0,0,0
Johnson & Wales University-Online,0,0,0
ICPR Junior College-Manati,0,0,0
Miller-Motte College-Jacksonville,0,0,0
Miller-Motte Technical College-Augusta,0,0,0
Miller-Motte Technical College-Conway,0,0,0
John Paul the Great Catholic University,0,0,0
Chamberlain University-Missouri,0,0,0
National University College-Caguas,0,0,0
Azusa Pacific University College,0,0,0
Miller-Motte Technical College-Macon,0,0,0
City College-Hollywood,0,0,0
Criswell College,0,0,0
Chamberlain University-Georgia,0,0,0
Chamberlain University-Indiana,0,0,0
Pennsylvania State University-World Campus,0,0,0
Mercyhurst University-North East Campus,0,0,0
Augusta University,0,0,0
Middle Georgia State University,0,0,0
DeVry College of New York,0,0,0
DeVry University-Arizona,0,0,0
DeVry University-California,0,0,0
DeVry University-Colorado,0,0,0
DeVry University-Florida,0,0,0
DeVry University-Georgia,0,0,0
DeVry University-Illinois,0,0,0
DeVry University-Indiana,0,0,0
DeVry University-Missouri,0,0,0
DeVry University-Nevada,0,0,0
DeVry University-New Jersey,0,0,0
DeVry University-North Carolina,0,0,0
DeVry University-Ohio,0,0,0
DeVry University-Pennsylvania,0,0,0
DeVry University-Tennessee,0,0,0
DeVry University-Texas,0,0,0
DeVry University-Virginia,0,0,0
University of North Georgia,0,0,0
Arizona State University-Skysong,0,0,0
University of Florida-Online,0,0,0
University of North Texas at Dallas,0,0,0
Kennesaw State University,0,0,0
Milligan College,0,0,0
Emory University-Oxford College,0,0,0
Husson University,0,0,0
Piedmont International University,0,0,0
